﻿<?xml version="1.0" encoding="UTF-8"?>
<ck><di ky="0" rd="General/Nav_Configuration_Frame.htm|Configuration Frame" ct="  Configuration Frame  The Configuration Frame displays the relevant information from the conf ..."/><di ky="1" rd="General/Nav_Connection_Parameters.htm|Connection Parameters" ct="  Connection Parameters  The Connection Parameters screen section displays the details concern ..."/><di ky="2" rd="General/Nav_Graph_Tab.htm|Graph Tab" ct="  Graph Tab  Displays graphically the real-time data stream from the tested device.   The  ..."/><di ky="3" rd="General/Nav_Header_Frame.htm|Header Frame" ct="  Header Frame  The  Header Frame  displays the user-configured information file, usually in t ..."/><di ky="4" rd="General/Nav_Messages_Tab.htm|Messages Tab" ct="  Messages Tab  The Messages tab displays any relevant information about, or errors generated  ..."/><di ky="5" rd="General/Nav_Real-time_Frame_Detail.htm|Real-time Frame Detail" ct="  Real-time Frame Detail  The Real-time Frame Detail section displays details about the measur ..."/><di ky="6" rd="General/Nav_Settings_Tab.htm|Settings Tab" ct="  Settings Tab  The Settings tab allows the user to configure various settings related to the  ..."/><di ky="7" rd="General/Navigation.htm|Navigation" ct="       Navigation   Some portions of the screen can be opened by clicking the  Exp ..."/><di ky="8" rd="General/Overview.htm|Overview" ct="  Overview  The PMU Connection Tester application was developed by  Tennessee Valley Authority ..."/><di ky="9" rd="General/Protocol_Specific_Tab.htm|Protocol Specific Tab" ct="  Protocol Specific Tab  Displays a hierarchy of the last parsed protocol specific frames, and ..."/><di ky="10" rd="Operations/Capturing_Sample_Frames.htm|Capturing Sample Frames" ct="  Capturing Sample Frames  The PMU Connection Tester allows the user to debug and analyze prot ..."/><di ky="11" rd="Operations/Connecting_to_Devices.htm|Connecting to Devices" ct="  Connecting to Devices  Connecting via TCP    Click the  Tcp  tab.    Enter the  ..."/><di ky="12" rd="Operations/Loading_Configuration_Files.htm|Loading Configuration Files" ct="  Loading Configuration Files    From the  File  menu, point to  Config File  and then sel ..."/><di ky="13" rd="Operations/Recording_Data_Streams.htm|Recording Data Streams" ct="  Recording and Replaying Data Streams  The PMU Connection Tester allows the user to record al ..."/><di ky="14" rd="Operations/Saving_Configuration_Files.htm|Saving Configuration Files" ct="  Saving Configuration Files  To save a configuration (Only available when connected, and afte ..."/><di ky="15" rd="Operations/Using_Previous_Connections.htm|Using Previous Connections" ct="  Using Previous Connections  The  PMU    Connection Tester automatically saves the last conne ..."/></ck>