﻿<?xml version='1.0' encoding='utf-8' ?>
<indexdata>
<key name="AutoStartDataParsingSequence" >
  <topic name="Settings Tab" url="General/Nav_Settings_Tab.htm" />
</key>
<key name="BackgroundColor" >
  <topic name="Settings Tab" url="General/Nav_Settings_Tab.htm" />
</key>
<key name="Baud Rate" >
  <topic name="Connection Parameters" url="General/Nav_Connection_Parameters.htm" />
</key>
<key name="Capture" >
  <topic name="Recording Data Streams" url="Operations/Recording_Data_Streams.htm" />
  <key name="Start" >
    <topic name="Recording Data Streams" url="Operations/Recording_Data_Streams.htm" />
  </key>
  <key name="Stop" >
    <topic name="Recording Data Streams" url="Operations/Recording_Data_Streams.htm" />
  </key>
</key>
<key name="Capturing sample frames" >
  <topic name="Capturing Sample Frames" url="Operations/Capturing_Sample_Frames.htm" />
</key>
<key name="ChannelNodeBackgroundColor" >
  <topic name="Settings Tab" url="General/Nav_Settings_Tab.htm" />
</key>
<key name="ChannelNodeForegroundColor" >
  <topic name="Settings Tab" url="General/Nav_Settings_Tab.htm" />
</key>
<key name="Command" >
  <topic name="Connection Parameters" url="General/Nav_Connection_Parameters.htm" />
</key>
<key name="Config File" >
  <topic name="Loading Configuration Files" url="Operations/Loading_Configuration_Files.htm" />
</key>
<key name="ConfigFrame2" >
  <topic name="Settings Tab" url="General/Nav_Settings_Tab.htm" />
</key>
<key name="Configuration Files" >
  <topic name="Saving Configuration Files" url="Operations/Saving_Configuration_Files.htm" />
  <topic name="Loading Configuration Files" url="Operations/Loading_Configuration_Files.htm" />
  <key name="Loading" >
    <topic name="Loading Configuration Files" url="Operations/Loading_Configuration_Files.htm" />
  </key>
  <key name="Saving" >
    <topic name="Saving Configuration Files" url="Operations/Saving_Configuration_Files.htm" />
  </key>
</key>
<key name="Configuration Frame" >
  <topic name="Configuration Frame" url="General/Nav_Configuration_Frame.htm" />
</key>
<key name="Connecting" >
  <topic name="Connecting to Devices" url="Operations/Connecting_to_Devices.htm" />
  <key name="Devices" >
    <topic name="Connecting to Devices" url="Operations/Connecting_to_Devices.htm" />
  </key>
  <key name="Serial port" >
    <topic name="Connecting to Devices" url="Operations/Connecting_to_Devices.htm" />
  </key>
  <key name="TCP" >
    <topic name="Connecting to Devices" url="Operations/Connecting_to_Devices.htm" />
  </key>
  <key name="UDP" >
    <topic name="Connecting to Devices" url="Operations/Connecting_to_Devices.htm" />
  </key>
</key>
<key name="Connection Parameters" >
  <topic name="Connection Parameters" url="General/Nav_Connection_Parameters.htm" />
</key>
<key name="Data Bits" >
  <topic name="Connection Parameters" url="General/Nav_Connection_Parameters.htm" />
</key>
<key name="Data stream" >
  <topic name="Recording Data Streams" url="Operations/Recording_Data_Streams.htm" />
  <topic name="Connection Parameters" url="General/Nav_Connection_Parameters.htm" />
  <topic name="Overview" url="General/Overview.htm" />
  <key name="Capturing" >
    <topic name="Recording Data Streams" url="Operations/Recording_Data_Streams.htm" />
  </key>
  <key name="Recording" >
    <topic name="Recording Data Streams" url="Operations/Recording_Data_Streams.htm" />
  </key>
  <key name="Replaying" >
    <topic name="Recording Data Streams" url="Operations/Recording_Data_Streams.htm" />
  </key>
</key>
<key name="Data Terminal Ready" >
  <topic name="Connection Parameters" url="General/Nav_Connection_Parameters.htm" />
</key>
<key name="Devices" >
  <topic name="Connecting to Devices" url="Operations/Connecting_to_Devices.htm" />
  <topic name="Configuration Frame" url="General/Nav_Configuration_Frame.htm" />
  <key name="Connecting" >
    <topic name="Connecting to Devices" url="Operations/Connecting_to_Devices.htm" />
  </key>
</key>
<key name="DFR" >
  <topic name="Overview" url="General/Overview.htm" />
</key>
<key name="Digital Fault Recorder" >
  <topic name="Overview" url="General/Overview.htm" />
</key>
<key name="DTR" >
  <topic name="Connection Parameters" url="General/Nav_Connection_Parameters.htm" />
</key>
<key name="Eastern Interconnection Phasor Project" >
  <topic name="Overview" url="General/Overview.htm" />
</key>
<key name="EIPP" >
  <topic name="Overview" url="General/Overview.htm" />
</key>
<key name="EnableRealTimeData" >
  <topic name="Settings Tab" url="General/Nav_Settings_Tab.htm" />
</key>
<key name="ExecuteParseOnSeparateThread" >
  <topic name="Settings Tab" url="General/Nav_Settings_Tab.htm" />
</key>
<key name="File menu" >
  <topic name="Using Previous Connections" url="Operations/Using_Previous_Connections.htm" />
  <topic name="Saving Configuration Files" url="Operations/Saving_Configuration_Files.htm" />
  <topic name="Recording Data Streams" url="Operations/Recording_Data_Streams.htm" />
  <topic name="Loading Configuration Files" url="Operations/Loading_Configuration_Files.htm" />
  <topic name="Capturing Sample Frames" url="Operations/Capturing_Sample_Frames.htm" />
  <key name="Capture" >
    <topic name="Recording Data Streams" url="Operations/Recording_Data_Streams.htm" />
    <topic name="Capturing Sample Frames" url="Operations/Capturing_Sample_Frames.htm" />
    <key name="Capture Sample Frames" >
      <topic name="Capturing Sample Frames" url="Operations/Capturing_Sample_Frames.htm" />
    </key>
    <key name="Start Capture" >
      <topic name="Recording Data Streams" url="Operations/Recording_Data_Streams.htm" />
    </key>
    <key name="Stop Capture" >
      <topic name="Recording Data Streams" url="Operations/Recording_Data_Streams.htm" />
    </key>
  </key>
  <key name="Config File" >
    <topic name="Saving Configuration Files" url="Operations/Saving_Configuration_Files.htm" />
    <topic name="Loading Configuration Files" url="Operations/Loading_Configuration_Files.htm" />
    <key name="Load" >
      <topic name="Loading Configuration Files" url="Operations/Loading_Configuration_Files.htm" />
    </key>
    <key name="Save" >
      <topic name="Saving Configuration Files" url="Operations/Saving_Configuration_Files.htm" />
    </key>
  </key>
  <key name="Connection" >
    <topic name="Using Previous Connections" url="Operations/Using_Previous_Connections.htm" />
    <key name="Save" >
      <topic name="Using Previous Connections" url="Operations/Using_Previous_Connections.htm" />
    </key>
  </key>
  <key name="Load" >
    <topic name="Using Previous Connections" url="Operations/Using_Previous_Connections.htm" />
  </key>
</key>
<key name="File tab" >
  <topic name="Recording Data Streams" url="Operations/Recording_Data_Streams.htm" />
</key>
<key name="FNet devices" >
  <topic name="Connection Parameters" url="General/Nav_Connection_Parameters.htm" />
</key>
<key name="ForegroundColor" >
  <topic name="Settings Tab" url="General/Nav_Settings_Tab.htm" />
</key>
<key name="Frame Detail" >
  <topic name="Real-time Frame Detail" url="General/Nav_Real-time_Frame_Detail.htm" />
</key>
<key name="Frame Rate" >
  <topic name="Recording Data Streams" url="Operations/Recording_Data_Streams.htm" />
  <topic name="Connection Parameters" url="General/Nav_Connection_Parameters.htm" />
</key>
<key name="Frequency Graph" >
  <topic name="Settings Tab" url="General/Nav_Settings_Tab.htm" />
  <topic name="Navigation" url="General/Navigation.htm" />
</key>
<key name="FrequencyColor" >
  <topic name="Settings Tab" url="General/Nav_Settings_Tab.htm" />
</key>
<key name="FrequencyPointsToPlot" >
  <topic name="Settings Tab" url="General/Nav_Settings_Tab.htm" />
</key>
<key name="Graph Tab" >
  <topic name="Graph Tab" url="General/Nav_Graph_Tab.htm" />
</key>
<key name="Header Frame" >
  <topic name="Header Frame" url="General/Nav_Header_Frame.htm" />
</key>
<key name="Host IP" >
  <topic name="Connecting to Devices" url="Operations/Connecting_to_Devices.htm" />
  <topic name="Connection Parameters" url="General/Nav_Connection_Parameters.htm" />
</key>
<key name="ID Code" >
  <topic name="Configuration Frame" url="General/Nav_Configuration_Frame.htm" />
  <topic name="Connection Parameters" url="General/Nav_Connection_Parameters.htm" />
</key>
<key name="IEEE 1344" >
  <topic name="Overview" url="General/Overview.htm" />
</key>
<key name="IEEE C37.118" >
  <topic name="Overview" url="General/Overview.htm" />
</key>
<key name="InitialNodeState" >
  <topic name="Settings Tab" url="General/Nav_Settings_Tab.htm" />
</key>
<key name="LegendBackgroundColor" >
  <topic name="Settings Tab" url="General/Nav_Settings_Tab.htm" />
</key>
<key name="LegendForegroundColor" >
  <topic name="Settings Tab" url="General/Nav_Settings_Tab.htm" />
</key>
<key name="Load" >
  <topic name="Using Previous Connections" url="Operations/Using_Previous_Connections.htm" />
</key>
<key name="Local Port" >
  <topic name="Connecting to Devices" url="Operations/Connecting_to_Devices.htm" />
  <topic name="Connection Parameters" url="General/Nav_Connection_Parameters.htm" />
</key>
<key name="MaximumConnectionAttempts" >
  <topic name="Settings Tab" url="General/Nav_Settings_Tab.htm" />
</key>
<key name="MaximumFrameDisplayBytes" >
  <topic name="Settings Tab" url="General/Nav_Settings_Tab.htm" />
</key>
<key name="Megavars" >
  <topic name="Configuration Frame" url="General/Nav_Configuration_Frame.htm" />
</key>
<key name="Messages Tab" >
  <topic name="Messages Tab" url="General/Nav_Messages_Tab.htm" />
</key>
<key name="MVars" >
  <topic name="Configuration Frame" url="General/Nav_Configuration_Frame.htm" />
</key>
<key name="NASPI" >
  <topic name="Overview" url="General/Overview.htm" />
</key>
<key name="Navigation" >
  <topic name="Navigation" url="General/Navigation.htm" />
  <topic name="Real-time Frame Detail" url="General/Nav_Real-time_Frame_Detail.htm" />
</key>
<key name="Nominal Frequency" >
  <topic name="Configuration Frame" url="General/Nav_Configuration_Frame.htm" />
</key>
<key name="North American Synchrophasor Initiative" >
  <topic name="Overview" url="General/Overview.htm" />
</key>
<key name="PDC" >
  <topic name="Connection Parameters" url="General/Nav_Connection_Parameters.htm" />
  <topic name="Overview" url="General/Overview.htm" />
</key>
<key name="PDCxchng" >
  <topic name="Overview" url="General/Overview.htm" />
</key>
<key name="Phase Angle" >
  <topic name="Navigation" url="General/Navigation.htm" />
  <topic name="Real-time Frame Detail" url="General/Nav_Real-time_Frame_Detail.htm" />
</key>
<key name="Phase Angle Graph" >
  <topic name="Settings Tab" url="General/Nav_Settings_Tab.htm" />
  <topic name="Graph Tab" url="General/Nav_Graph_Tab.htm" />
</key>
<key name="Phase Angle Legend" >
  <topic name="Navigation" url="General/Navigation.htm" />
</key>
<key name="PhaseAngleColors" >
  <topic name="Settings Tab" url="General/Nav_Settings_Tab.htm" />
</key>
<key name="PhaseAngleGraphStyle" >
  <topic name="Settings Tab" url="General/Nav_Settings_Tab.htm" />
  <topic name="Graph Tab" url="General/Nav_Graph_Tab.htm" />
</key>
<key name="PhaseAnglePointsToPlot" >
  <topic name="Settings Tab" url="General/Nav_Settings_Tab.htm" />
</key>
<key name="Phasor" >
  <topic name="Configuration Frame" url="General/Nav_Configuration_Frame.htm" />
  <topic name="Connection Parameters" url="General/Nav_Connection_Parameters.htm" />
  <topic name="Graph Tab" url="General/Nav_Graph_Tab.htm" />
  <topic name="Overview" url="General/Overview.htm" />
  <topic name="Real-time Frame Detail" url="General/Nav_Real-time_Frame_Detail.htm" />
</key>
<key name="Phasor Data Concentrator" >
  <topic name="Overview" url="General/Overview.htm" />
</key>
<key name="Phasor Measurement Unit" >
  <topic name="Overview" url="General/Overview.htm" />
</key>
<key name="Phasors" >
  <topic name="Configuration Frame" url="General/Nav_Configuration_Frame.htm" />
  <key name="number" >
    <topic name="Configuration Frame" url="General/Nav_Configuration_Frame.htm" />
  </key>
</key>
<key name="PMU" >
  <topic name="Configuration Frame" url="General/Nav_Configuration_Frame.htm" />
  <topic name="Connection Parameters" url="General/Nav_Connection_Parameters.htm" />
  <topic name="Overview" url="General/Overview.htm" />
</key>
<key name="PMUConnection file extension" >
  <topic name="Using Previous Connections" url="Operations/Using_Previous_Connections.htm" />
</key>
<key name="Port" >
  <topic name="Connecting to Devices" url="Operations/Connecting_to_Devices.htm" />
  <topic name="Connection Parameters" url="General/Nav_Connection_Parameters.htm" />
</key>
<key name="Power" >
  <topic name="Configuration Frame" url="General/Nav_Configuration_Frame.htm" />
</key>
<key name="Power Quality" >
  <topic name="Overview" url="General/Overview.htm" />
</key>
<key name="Protocol" >
  <topic name="Recording Data Streams" url="Operations/Recording_Data_Streams.htm" />
  <topic name="Connection Parameters" url="General/Nav_Connection_Parameters.htm" />
  <topic name="Overview" url="General/Overview.htm" />
  <topic name="Protocol Specific Tab" url="General/Protocol_Specific_Tab.htm" />
  <topic name="Real-time Frame Detail" url="General/Nav_Real-time_Frame_Detail.htm" />
</key>
<key name="Protocol Specific Tab" >
  <topic name="Protocol Specific Tab" url="General/Protocol_Specific_Tab.htm" />
</key>
<key name="Real-time Frame Detail" >
  <topic name="Real-time Frame Detail" url="General/Nav_Real-time_Frame_Detail.htm" />
</key>
<key name="RefreshRate" >
  <topic name="Settings Tab" url="General/Nav_Settings_Tab.htm" />
</key>
<key name="Remote Port" >
  <topic name="Connecting to Devices" url="Operations/Connecting_to_Devices.htm" />
  <topic name="Connection Parameters" url="General/Nav_Connection_Parameters.htm" />
</key>
<key name="RestoreLastConnectionSettings" >
  <topic name="Settings Tab" url="General/Nav_Settings_Tab.htm" />
</key>
<key name="Sample frames" >
  <topic name="Capturing Sample Frames" url="Operations/Capturing_Sample_Frames.htm" />
  <key name="Capturing" >
    <topic name="Capturing Sample Frames" url="Operations/Capturing_Sample_Frames.htm" />
  </key>
</key>
<key name="Saving" >
  <topic name="Saving Configuration Files" url="Operations/Saving_Configuration_Files.htm" />
  <key name="Configuration Files" >
    <topic name="Saving Configuration Files" url="Operations/Saving_Configuration_Files.htm" />
  </key>
</key>
<key name="Serial Port" >
  <topic name="Connecting to Devices" url="Operations/Connecting_to_Devices.htm" />
  <topic name="Connection Parameters" url="General/Nav_Connection_Parameters.htm" />
</key>
<key name="Settings" >
  <topic name="Settings Tab" url="General/Nav_Settings_Tab.htm" />
</key>
<key name="Settings Tab" >
  <topic name="Settings Tab" url="General/Nav_Settings_Tab.htm" />
  <topic name="Graph Tab" url="General/Nav_Graph_Tab.htm" />
  <key name="AutoStartDataParsingSequence" >
    <topic name="Settings Tab" url="General/Nav_Settings_Tab.htm" />
  </key>
  <key name="BackgroundColor" >
    <topic name="Settings Tab" url="General/Nav_Settings_Tab.htm" />
  </key>
  <key name="ChannelNodeBackgroundColor" >
    <topic name="Settings Tab" url="General/Nav_Settings_Tab.htm" />
  </key>
  <key name="ChannelNodeForegroundColor" >
    <topic name="Settings Tab" url="General/Nav_Settings_Tab.htm" />
  </key>
  <key name="ConfigFrame2" >
    <topic name="Settings Tab" url="General/Nav_Settings_Tab.htm" />
  </key>
  <key name="EnableRealTimeData" >
    <topic name="Settings Tab" url="General/Nav_Settings_Tab.htm" />
  </key>
  <key name="ExecuteParseOnSeparateThread" >
    <topic name="Settings Tab" url="General/Nav_Settings_Tab.htm" />
  </key>
  <key name="ForegroundColor" >
    <topic name="Settings Tab" url="General/Nav_Settings_Tab.htm" />
  </key>
  <key name="FrequencyColor" >
    <topic name="Settings Tab" url="General/Nav_Settings_Tab.htm" />
  </key>
  <key name="FrequencyPointsToPlot" >
    <topic name="Settings Tab" url="General/Nav_Settings_Tab.htm" />
  </key>
  <key name="InitialNodeState" >
    <topic name="Settings Tab" url="General/Nav_Settings_Tab.htm" />
  </key>
  <key name="LegendBackgroundColor" >
    <topic name="Settings Tab" url="General/Nav_Settings_Tab.htm" />
  </key>
  <key name="LegendForegroundColor" >
    <topic name="Settings Tab" url="General/Nav_Settings_Tab.htm" />
  </key>
  <key name="MaximumConnectionAttempts" >
    <topic name="Settings Tab" url="General/Nav_Settings_Tab.htm" />
  </key>
  <key name="MaximumFrameDisplayBytes" >
    <topic name="Settings Tab" url="General/Nav_Settings_Tab.htm" />
  </key>
  <key name="PhaseAngleColors" >
    <topic name="Settings Tab" url="General/Nav_Settings_Tab.htm" />
  </key>
  <key name="PhaseAngleGraphStyle" >
    <topic name="Settings Tab" url="General/Nav_Settings_Tab.htm" />
    <topic name="Graph Tab" url="General/Nav_Graph_Tab.htm" />
  </key>
  <key name="PhaseAnglePointsToPlot" >
    <topic name="Settings Tab" url="General/Nav_Settings_Tab.htm" />
  </key>
  <key name="RefreshRate" >
    <topic name="Settings Tab" url="General/Nav_Settings_Tab.htm" />
  </key>
  <key name="RestoreLastConnectionSettings" >
    <topic name="Settings Tab" url="General/Nav_Settings_Tab.htm" />
  </key>
</key>
<key name="ShowAttributesAsChildren" >
  <topic name="Settings Tab" url="General/Nav_Settings_Tab.htm" />
</key>
<key name="ShowDataPointsOnGraphs" >
  <topic name="Settings Tab" url="General/Nav_Settings_Tab.htm" />
</key>
<key name="ShowPhaseAngleLegend" >
  <topic name="Settings Tab" url="General/Nav_Settings_Tab.htm" />
</key>
<key name="Start Capture" >
  <topic name="Recording Data Streams" url="Operations/Recording_Data_Streams.htm" />
</key>
<key name="Stop Bits" >
  <topic name="Connection Parameters" url="General/Nav_Connection_Parameters.htm" />
</key>
<key name="Stop Capture" >
  <topic name="Recording Data Streams" url="Operations/Recording_Data_Streams.htm" />
</key>
<key name="Streaming data" >
  <topic name="Recording Data Streams" url="Operations/Recording_Data_Streams.htm" />
  <key name="Capturing" >
    <topic name="Recording Data Streams" url="Operations/Recording_Data_Streams.htm" />
  </key>
  <key name="Recording" >
    <topic name="Recording Data Streams" url="Operations/Recording_Data_Streams.htm" />
  </key>
  <key name="Replaying" >
    <topic name="Recording Data Streams" url="Operations/Recording_Data_Streams.htm" />
  </key>
</key>
<key name="Tab" >
  <topic name="Recording Data Streams" url="Operations/Recording_Data_Streams.htm" />
  <topic name="Navigation" url="General/Navigation.htm" />
  <topic name="Graph Tab" url="General/Nav_Graph_Tab.htm" />
  <topic name="Messages Tab" url="General/Nav_Messages_Tab.htm" />
  <topic name="Settings Tab" url="General/Nav_Settings_Tab.htm" />
  <key name="File" >
    <topic name="Recording Data Streams" url="Operations/Recording_Data_Streams.htm" />
  </key>
  <key name="Graph" >
    <topic name="Navigation" url="General/Navigation.htm" />
    <topic name="Graph Tab" url="General/Nav_Graph_Tab.htm" />
  </key>
  <key name="Messages" >
    <topic name="Navigation" url="General/Navigation.htm" />
    <topic name="Messages Tab" url="General/Nav_Messages_Tab.htm" />
  </key>
  <key name="Protocol Specific" >
    <topic name="Navigation" url="General/Navigation.htm" />
    <topic name="Protocol Specific Tab" url="General/Protocol_Specific_Tab.htm" />
  </key>
  <key name="Settings" >
    <topic name="Navigation" url="General/Navigation.htm" />
    <topic name="Settings Tab" url="General/Nav_Settings_Tab.htm" />
  </key>
</key>
<key name="TCP" >
  <topic name="Connecting to Devices" url="Operations/Connecting_to_Devices.htm" />
  <topic name="Connection Parameters" url="General/Nav_Connection_Parameters.htm" />
</key>
<key name="TCP Server" >
  <topic name="Connection Parameters" url="General/Nav_Connection_Parameters.htm" />
</key>
<key name="TrendLineWidth" >
  <topic name="Settings Tab" url="General/Nav_Settings_Tab.htm" />
</key>
<key name="UDP" >
  <topic name="Connecting to Devices" url="Operations/Connecting_to_Devices.htm" />
  <topic name="Connection Parameters" url="General/Nav_Connection_Parameters.htm" />
</key>
<key name="Universal Coordinated Time" >
  <topic name="Real-time Frame Detail" url="General/Nav_Real-time_Frame_Detail.htm" />
</key>
<key name="Using Previous Connections" >
  <topic name="Using Previous Connections" url="Operations/Using_Previous_Connections.htm" />
</key>
<key name="UTC" >
  <topic name="Real-time Frame Detail" url="General/Nav_Real-time_Frame_Detail.htm" />
</key>
<key name="Vars" >
  <topic name="Configuration Frame" url="General/Nav_Configuration_Frame.htm" />
</key>
<key name="Virginia Tech FNet" >
  <topic name="Overview" url="General/Overview.htm" />
</key>
<key name="XML" >
  <topic name="Loading Configuration Files" url="Operations/Loading_Configuration_Files.htm" />
</key>

</indexdata>
