﻿<?xml version='1.0' encoding='utf-8' ?>
<tocdata>
<book name="Overview" >
  <item name="Overview" url="General/Overview.htm" />
  <book name="Navigation" url="General/Navigation.htm" >
    <item name="Configuration Frame" url="General/Nav_Configuration_Frame.htm" />
    <item name="Connection Parameters" url="General/Nav_Connection_Parameters.htm" />
    <item name="Graph Tab" url="General/Nav_Graph_Tab.htm" />
    <item name="Messages Tab" url="General/Nav_Messages_Tab.htm" />
    <item name="Protocol Specific Tab" url="General/Protocol_Specific_Tab.htm" />
    <item name="Settings Tab" url="General/Nav_Settings_Tab.htm" />
    <item name="Header Frame" url="General/Nav_Header_Frame.htm" />
    <item name="Real-time Frame Detail" url="General/Nav_Real-time_Frame_Detail.htm" />
  </book>
</book>
<book name="Operations" >
  <item name="Capturing Sample Frames" url="Operations/Capturing_Sample_Frames.htm" />
  <item name="Connecting to Devices" url="Operations/Connecting_to_Devices.htm" />
  <item name="Loading Configuration Files" url="Operations/Loading_Configuration_Files.htm" />
  <item name="Recording Data Streams" url="Operations/Recording_Data_Streams.htm" />
  <item name="Saving Configuration Files" url="Operations/Saving_Configuration_Files.htm" />
  <item name="Using Previous Connections" url="Operations/Using_Previous_Connections.htm" />
</book>

</tocdata>
