<?xml version="1.0"?>
<doc>
    <assembly>
        <name>GSF.TimeSeries.Transport.UI</name>
    </assembly>
    <members>
        <member name="T:GSF.TimeSeries.Transport.UI.DataModels.MeasurementGroup">
            <summary>
            Represents a record of <see cref="T:GSF.TimeSeries.Transport.UI.DataModels.MeasurementGroup"/> information as defined in the database.
            </summary>
        </member>
        <member name="M:GSF.TimeSeries.Transport.UI.DataModels.MeasurementGroup.Load(GSF.Data.AdoDataConnection)">
            <summary>
            Loads <see cref="T:GSF.TimeSeries.Transport.UI.DataModels.MeasurementGroup"/> information as an <see cref="T:System.Collections.ObjectModel.ObservableCollection`1"/> style list.
            </summary>
            <param name="database"><see cref="T:GSF.Data.AdoDataConnection"/> to connection to database.</param>
            <returns>Collection of <see cref="T:GSF.TimeSeries.Transport.UI.DataModels.MeasurementGroup"/>.</returns>
        </member>
        <member name="M:GSF.TimeSeries.Transport.UI.DataModels.MeasurementGroup.GetLookupList(GSF.Data.AdoDataConnection,System.Boolean)">
            <summary>
            Retrieves a <see cref="T:System.Collections.Generic.Dictionary`2"/> style list of <see cref="T:GSF.TimeSeries.Transport.UI.DataModels.MeasurementGroup"/> information.
            </summary>
            <param name="database"><see cref="T:GSF.Data.AdoDataConnection"/> to connection to database.</param>
            <param name="isOptional">Indicates if selection on UI is optional for this collection.</param>
            <returns><see cref="T:System.Collections.Generic.Dictionary`2"/> containing ID and Name of <see cref="T:GSF.TimeSeries.Transport.UI.DataModels.MeasurementGroup"/>s defined in the database.</returns>
        </member>
        <member name="M:GSF.TimeSeries.Transport.UI.DataModels.MeasurementGroup.GetCurrentMeasurements(GSF.Data.AdoDataConnection,System.Int32)">
            <summary>
            Retrieves a <see cref="T:System.Collections.Generic.Dictionary`2"/> style list of <see cref="T:GSF.TimeSeries.UI.DataModels.Measurement"/> assigned to <see cref="T:GSF.TimeSeries.Transport.UI.DataModels.MeasurementGroup"/>.
            </summary>
            <param name="database"><see cref="T:GSF.Data.AdoDataConnection"/> to connection to database.</param>
            <param name="measurementGroupId">ID of the <see cref="T:GSF.TimeSeries.Transport.UI.DataModels.MeasurementGroup"/> to filter data.</param>
            <returns><see cref="T:System.Collections.Generic.Dictionary`2"/> containing SignalID and PointTag of <see cref="T:GSF.TimeSeries.UI.DataModels.Measurement"/>s assigned to <see cref="T:GSF.TimeSeries.Transport.UI.DataModels.MeasurementGroup"/>.</returns>
        </member>
        <member name="M:GSF.TimeSeries.Transport.UI.DataModels.MeasurementGroup.GetPossibleMeasurements(GSF.Data.AdoDataConnection,System.Int32)">
            <summary>
            Retrieves <see cref="T:System.Collections.ObjectModel.ObservableCollection`1"/> style list of <see cref="T:GSF.TimeSeries.UI.DataModels.Measurement"/> not yet assigned to <see cref="T:GSF.TimeSeries.Transport.UI.DataModels.MeasurementGroup"/>.
            </summary>
            <param name="database"><see cref="T:GSF.Data.AdoDataConnection"/> to connection to database.</param>
            <param name="measurementGroupId">ID of the <see cref="T:GSF.TimeSeries.Transport.UI.DataModels.MeasurementGroup"/> to filter data.</param>
            <returns><see cref="T:System.Collections.ObjectModel.ObservableCollection`1"/> style list of <see cref="T:GSF.TimeSeries.UI.DataModels.Measurement"/> not yet assigned to <see cref="T:GSF.TimeSeries.Transport.UI.DataModels.MeasurementGroup"/>.</returns>
        </member>
        <member name="M:GSF.TimeSeries.Transport.UI.DataModels.MeasurementGroup.AddMeasurements(GSF.Data.AdoDataConnection,System.Int32,System.Collections.Generic.List{System.Guid})">
            <summary>
            Method to add <see cref="T:GSF.TimeSeries.UI.DataModels.Measurement"/>s to <see cref="T:GSF.TimeSeries.Transport.UI.DataModels.MeasurementGroup"/>.
            </summary>
            <param name="database"><see cref="T:GSF.Data.AdoDataConnection"/> to connection to database.</param>
            <param name="measurementGroupID">ID of the <see cref="T:GSF.TimeSeries.Transport.UI.DataModels.MeasurementGroup"/> to add <see cref="T:GSF.TimeSeries.UI.DataModels.Measurement"/> to.</param>
            <param name="measurementsToBeAdded">List of <see cref="T:GSF.TimeSeries.UI.DataModels.Measurement"/> signal ids to be added.</param>
            <returns>string, indicating success for UI display.</returns>
        </member>
        <member name="M:GSF.TimeSeries.Transport.UI.DataModels.MeasurementGroup.RemoveMeasurements(GSF.Data.AdoDataConnection,System.Int32,System.Collections.Generic.List{System.Guid})">
            <summary>
            Method to remove <see cref="T:GSF.TimeSeries.UI.DataModels.Measurement"/>s from <see cref="T:GSF.TimeSeries.Transport.UI.DataModels.MeasurementGroup"/>.
            </summary>
            <param name="database"><see cref="T:GSF.Data.AdoDataConnection"/> to connection to database.</param>
            <param name="measurementGroupID">ID of the <see cref="T:GSF.TimeSeries.Transport.UI.DataModels.MeasurementGroup"/> to remove <see cref="T:GSF.TimeSeries.UI.DataModels.Measurement"/> from.</param>
            <param name="measurementsToBeRemoved">List of <see cref="T:GSF.TimeSeries.UI.DataModels.Measurement"/> signal ids to be removed.</param>
            <returns>string, indicating success for UI display.</returns>
        </member>
        <member name="M:GSF.TimeSeries.Transport.UI.DataModels.MeasurementGroup.Save(GSF.Data.AdoDataConnection,GSF.TimeSeries.Transport.UI.DataModels.MeasurementGroup)">
            <summary>
            Saves <see cref="T:GSF.TimeSeries.Transport.UI.DataModels.MeasurementGroup"/> information to database.
            </summary>
            <param name="database"><see cref="T:GSF.Data.AdoDataConnection"/> to connection to database.</param>
            <param name="measurementGroup">Information about <see cref="T:GSF.TimeSeries.Transport.UI.DataModels.MeasurementGroup"/>.</param>        
            <returns>String, for display use, indicating success.</returns>
        </member>
        <member name="M:GSF.TimeSeries.Transport.UI.DataModels.MeasurementGroup.Delete(GSF.Data.AdoDataConnection,System.Int32)">
            <summary>
            Deletes specified <see cref="T:GSF.TimeSeries.Transport.UI.DataModels.MeasurementGroup"/> record from database.
            </summary>
            <param name="database"><see cref="T:GSF.Data.AdoDataConnection"/> to connection to database.</param>
            <param name="measurementGroupID">ID of the record to be deleted.</param>
            <returns>String, for display use, indicating success.</returns>
        </member>
        <member name="P:GSF.TimeSeries.Transport.UI.DataModels.MeasurementGroup.NodeID">
            <summary>
            Gets or sets the <see cref="T:GSF.TimeSeries.Transport.UI.DataModels.MeasurementGroup"/> NodeID.
            </summary>
        </member>
        <member name="P:GSF.TimeSeries.Transport.UI.DataModels.MeasurementGroup.ID">
            <summary>
            Gets or sets the <see cref="T:GSF.TimeSeries.Transport.UI.DataModels.MeasurementGroup"/> ID.
            </summary>
        </member>
        <member name="P:GSF.TimeSeries.Transport.UI.DataModels.MeasurementGroup.Name">
            <summary>
            Gets or sets <see cref="T:GSF.TimeSeries.Transport.UI.DataModels.MeasurementGroup"/> Name.
            </summary>
        </member>
        <member name="P:GSF.TimeSeries.Transport.UI.DataModels.MeasurementGroup.Description">
            <summary>
            Gets or sets <see cref="T:GSF.TimeSeries.Transport.UI.DataModels.MeasurementGroup"/>DescriptionText.
            </summary>
        </member>
        <member name="P:GSF.TimeSeries.Transport.UI.DataModels.MeasurementGroup.FilterExpression">
            <summary>
            Gets or sets <see cref="T:GSF.TimeSeries.Transport.UI.DataModels.MeasurementGroup"/> FilterExpression text.
            </summary>
        </member>
        <member name="P:GSF.TimeSeries.Transport.UI.DataModels.MeasurementGroup.CreatedOn">
            <summary>
            Gets or sets <see cref="T:GSF.TimeSeries.Transport.UI.DataModels.MeasurementGroup"/> CreatedOn.
            </summary>
        </member>
        <member name="P:GSF.TimeSeries.Transport.UI.DataModels.MeasurementGroup.CreatedBy">
            <summary>
            Gets or sets <see cref="T:GSF.TimeSeries.Transport.UI.DataModels.MeasurementGroup"/> CreatedBy.
            </summary>
        </member>
        <member name="P:GSF.TimeSeries.Transport.UI.DataModels.MeasurementGroup.UpdatedOn">
            <summary>
            Gets or sets <see cref="T:GSF.TimeSeries.Transport.UI.DataModels.MeasurementGroup"/> UpdatedOn.
            </summary>
        </member>
        <member name="P:GSF.TimeSeries.Transport.UI.DataModels.MeasurementGroup.UpdatedBy">
            <summary>
            Gets or sets <see cref="T:GSF.TimeSeries.Transport.UI.DataModels.MeasurementGroup"/> UpdatedBy.
            </summary>
        </member>
        <member name="P:GSF.TimeSeries.Transport.UI.DataModels.MeasurementGroup.CurrentMeasurements">
            <summary>
            Gets or sets <see cref="T:GSF.TimeSeries.Transport.UI.DataModels.MeasurementGroup"/>'s member measurements.
            </summary>
        </member>
        <member name="P:GSF.TimeSeries.Transport.UI.DataModels.MeasurementGroup.PossibleMeasurements">
            <summary>
            Gets or sets measurements not yet assigned to <see cref="T:GSF.TimeSeries.Transport.UI.DataModels.MeasurementGroup"/>. 
            </summary>
        </member>
        <member name="T:GSF.TimeSeries.Transport.UI.DataModels.Subscriber">
            <summary>
            Represents a record of <see cref="T:GSF.TimeSeries.Transport.UI.DataModels.Subscriber"/> information as defined in the database.
            </summary>
        </member>
        <member name="M:GSF.TimeSeries.Transport.UI.DataModels.Subscriber.Load(GSF.Data.AdoDataConnection)">
            <summary>
            Loads <see cref="T:GSF.TimeSeries.UI.DataModels.Node"/> information as an <see cref="T:System.Collections.ObjectModel.ObservableCollection`1"/> style list.
            </summary>
            <param name="database"><see cref="T:GSF.Data.AdoDataConnection"/> to connection to database.</param>        
            <returns>Collection of <see cref="T:GSF.TimeSeries.Transport.UI.DataModels.Subscriber"/>.</returns>
        </member>
        <member name="M:GSF.TimeSeries.Transport.UI.DataModels.Subscriber.GetAllowedMeasurements(GSF.Data.AdoDataConnection,System.Guid)">
            <summary>
            Retrieves <see cref="T:System.Collections.Generic.Dictionary`2"/> type collection of <see cref="T:GSF.TimeSeries.UI.DataModels.Measurement"/> allowed for <see cref="T:GSF.TimeSeries.Transport.UI.DataModels.Subscriber"/>.
            </summary>
            <param name="database"><see cref="T:GSF.Data.AdoDataConnection"/> to connection to database.</param>
            <param name="subscriberID">ID of the <see cref="T:GSF.TimeSeries.Transport.UI.DataModels.Subscriber"/> to filter data.</param>
            <returns><see cref="T:System.Collections.Generic.Dictionary`2"/> type collection of SignalID and PointTag of <see cref="T:GSF.TimeSeries.UI.DataModels.Measurement"/>.</returns>
        </member>
        <member name="M:GSF.TimeSeries.Transport.UI.DataModels.Subscriber.GetDeniedMeasurements(GSF.Data.AdoDataConnection,System.Guid)">
            <summary>
            Retrieves <see cref="T:System.Collections.Generic.Dictionary`2"/> type collection of <see cref="T:GSF.TimeSeries.UI.DataModels.Measurement"/> denied for <see cref="T:GSF.TimeSeries.Transport.UI.DataModels.Subscriber"/>.
            </summary>
            <param name="database"><see cref="T:GSF.Data.AdoDataConnection"/> to connection to database.</param>
            <param name="subscriberID">ID of the <see cref="T:GSF.TimeSeries.Transport.UI.DataModels.Subscriber"/> to filter data.</param>
            <returns><see cref="T:System.Collections.Generic.Dictionary`2"/> type collection of SignalID and PointTag of <see cref="T:GSF.TimeSeries.UI.DataModels.Measurement"/>.</returns>
        </member>
        <member name="M:GSF.TimeSeries.Transport.UI.DataModels.Subscriber.GetAvailableMeasurements(GSF.Data.AdoDataConnection,System.Guid)">
            <summary>
            Retrieves <see cref="T:GSF.TimeSeries.UI.DataModels.Measurement"/> collection which are not assigned to <see cref="T:GSF.TimeSeries.Transport.UI.DataModels.Subscriber"/>.
            </summary>
            <param name="database"><see cref="T:GSF.Data.AdoDataConnection"/> to connection to database.</param>
            <param name="subscriberID">ID of the <see cref="T:GSF.TimeSeries.Transport.UI.DataModels.Subscriber"/> to filter data.</param>
            <returns><see cref="T:System.Collections.ObjectModel.ObservableCollection`1"/> style list of <see cref="T:GSF.TimeSeries.UI.DataModels.Measurement"/>.</returns>
        </member>
        <member name="M:GSF.TimeSeries.Transport.UI.DataModels.Subscriber.GetAllowedMeasurementGroups(GSF.Data.AdoDataConnection,System.Guid)">
            <summary>
            Retrieves <see cref="T:System.Collections.Generic.Dictionary`2"/> type collection of <see cref="T:GSF.TimeSeries.Transport.UI.DataModels.MeasurementGroup"/> allowed for <see cref="T:GSF.TimeSeries.Transport.UI.DataModels.Subscriber"/>.
            </summary>
            <param name="database"><see cref="T:GSF.Data.AdoDataConnection"/> to connection to database.</param>
            <param name="subscriberID">ID of the <see cref="T:GSF.TimeSeries.Transport.UI.DataModels.Subscriber"/> to filter data.</param>
            <returns><see cref="T:System.Collections.Generic.Dictionary`2"/> type collection of ID and Name of <see cref="T:GSF.TimeSeries.Transport.UI.DataModels.MeasurementGroup"/>.</returns>
        </member>
        <member name="M:GSF.TimeSeries.Transport.UI.DataModels.Subscriber.GetDeniedMeasurementGroups(GSF.Data.AdoDataConnection,System.Guid)">
            <summary>
            Retrieves <see cref="T:System.Collections.Generic.Dictionary`2"/> type collection of <see cref="T:GSF.TimeSeries.Transport.UI.DataModels.MeasurementGroup"/> denied for <see cref="T:GSF.TimeSeries.Transport.UI.DataModels.Subscriber"/>.
            </summary>
            <param name="database"><see cref="T:GSF.Data.AdoDataConnection"/> to connection to database.</param>
            <param name="subscriberID">ID of the <see cref="T:GSF.TimeSeries.Transport.UI.DataModels.Subscriber"/> to filter data.</param>
            <returns><see cref="T:System.Collections.Generic.Dictionary`2"/> type collection of ID and Name of <see cref="T:GSF.TimeSeries.Transport.UI.DataModels.MeasurementGroup"/>.</returns>
        </member>
        <member name="M:GSF.TimeSeries.Transport.UI.DataModels.Subscriber.GetAvailableMeasurementGroups(GSF.Data.AdoDataConnection,System.Guid)">
            <summary>
            Retrieves <see cref="T:System.Collections.Generic.Dictionary`2"/> type collection of <see cref="T:GSF.TimeSeries.Transport.UI.DataModels.MeasurementGroup"/> neither allowed nor denied for <see cref="T:GSF.TimeSeries.Transport.UI.DataModels.Subscriber"/>.
            </summary>
            <param name="database"><see cref="T:GSF.Data.AdoDataConnection"/> to connection to database.</param>
            <param name="subscriberID">ID of the <see cref="T:GSF.TimeSeries.Transport.UI.DataModels.Subscriber"/> to filter data.</param>
            <returns><see cref="T:System.Collections.Generic.Dictionary`2"/> type collection of ID and Name of <see cref="T:GSF.TimeSeries.Transport.UI.DataModels.MeasurementGroup"/>.</returns>
        </member>
        <member name="M:GSF.TimeSeries.Transport.UI.DataModels.Subscriber.AddMeasurements(GSF.Data.AdoDataConnection,System.Guid,System.Collections.Generic.List{System.Guid},System.Boolean)">
            <summary>
            Adds measurements to <see cref="T:GSF.TimeSeries.Transport.UI.DataModels.Subscriber"/>.
            </summary>
            <param name="database"><see cref="T:GSF.Data.AdoDataConnection"/> to connection to database.</param>
            <param name="subscriberID">ID of the <see cref="T:GSF.TimeSeries.Transport.UI.DataModels.Subscriber"/> to which measurements to be added.</param>
            <param name="measurementsToBeAdded">List of <see cref="T:GSF.TimeSeries.UI.DataModels.Measurement"/> IDs to be added.</param>
            <param name="allowed">boolean flag to indicate if measurements are allowed or denied.</param>
            <returns>string, indicating success for UI display.</returns>
        </member>
        <member name="M:GSF.TimeSeries.Transport.UI.DataModels.Subscriber.RemoveMeasurements(GSF.Data.AdoDataConnection,System.Guid,System.Collections.Generic.List{System.Guid})">
            <summary>
            Removes measurements from <see cref="T:GSF.TimeSeries.Transport.UI.DataModels.Subscriber"/>.
            </summary>
            <param name="database"><see cref="T:GSF.Data.AdoDataConnection"/> to connection to database.</param>
            <param name="subscriberID">ID of the <see cref="T:GSF.TimeSeries.Transport.UI.DataModels.Subscriber"/> from which measurements to be removed.</param>
            <param name="measurementsToBeRemoved">List of <see cref="T:GSF.TimeSeries.UI.DataModels.Measurement"/> IDs to be removed.</param>
            <returns>string, indicating success for UI display.</returns>
        </member>
        <member name="M:GSF.TimeSeries.Transport.UI.DataModels.Subscriber.AddMeasurementGroups(GSF.Data.AdoDataConnection,System.Guid,System.Collections.Generic.List{System.Int32},System.Boolean)">
            <summary>
            Adds measurement groups to <see cref="T:GSF.TimeSeries.Transport.UI.DataModels.Subscriber"/>.
            </summary>
            <param name="database"><see cref="T:GSF.Data.AdoDataConnection"/> to connection to database.</param>
            <param name="subscriberID">ID of the <see cref="T:GSF.TimeSeries.Transport.UI.DataModels.Subscriber"/> to which measurements to be added.</param>
            <param name="measurementGroupsToBeAdded">List of <see cref="T:GSF.TimeSeries.Transport.UI.DataModels.MeasurementGroup"/> IDs to be added.</param>
            <param name="allowed">boolean flag to indicate if measurement groups are allowed or denied.</param>
            <returns>string, indicating success for UI display.</returns>
        </member>
        <member name="M:GSF.TimeSeries.Transport.UI.DataModels.Subscriber.RemoveMeasurementGroups(GSF.Data.AdoDataConnection,System.Guid,System.Collections.Generic.List{System.Int32})">
            <summary>
            Removed measurement groups from <see cref="T:GSF.TimeSeries.Transport.UI.DataModels.Subscriber"/>.
            </summary>
            <param name="database"><see cref="T:GSF.Data.AdoDataConnection"/> to connection to database.</param>
            <param name="subscriberID">ID of the <see cref="T:GSF.TimeSeries.Transport.UI.DataModels.Subscriber"/> to which measurement groups to be removed.</param>
            <param name="measurementGroupsToBeRemoved">List of <see cref="T:GSF.TimeSeries.Transport.UI.DataModels.MeasurementGroup"/> IDs to be removed.</param>
            <returns>string, indicating success for UI display.</returns>
        </member>
        <member name="M:GSF.TimeSeries.Transport.UI.DataModels.Subscriber.GetLookupList(GSF.Data.AdoDataConnection,System.Boolean)">
            <summary>
            Gets a <see cref="T:System.Collections.Generic.Dictionary`2"/> style list of <see cref="T:GSF.TimeSeries.Transport.UI.DataModels.Subscriber"/> information.
            </summary>
            <param name="database"><see cref="T:GSF.Data.AdoDataConnection"/> to connection to database.</param>
            <param name="isOptional">Indicates if selection on UI is optional for this collection.</param>
            <returns><see cref="T:System.Collections.Generic.Dictionary`2"/> containing ID and Name of subscribers defined in the database.</returns>
        </member>
        <member name="M:GSF.TimeSeries.Transport.UI.DataModels.Subscriber.Save(GSF.Data.AdoDataConnection,GSF.TimeSeries.Transport.UI.DataModels.Subscriber)">
            <summary>
            Saves <see cref="T:GSF.TimeSeries.Transport.UI.DataModels.Subscriber"/> information to database.
            </summary>
            <param name="database"><see cref="T:GSF.Data.AdoDataConnection"/> to connection to database.</param>
            <param name="subscriber">Information about <see cref="T:GSF.TimeSeries.Transport.UI.DataModels.Subscriber"/>.</param>        
            <returns>String, for display use, indicating success.</returns>
        </member>
        <member name="M:GSF.TimeSeries.Transport.UI.DataModels.Subscriber.Delete(GSF.Data.AdoDataConnection,System.Guid)">
            <summary>
            Deletes specified <see cref="T:GSF.TimeSeries.Transport.UI.DataModels.Subscriber"/> record from database.
            </summary>
            <param name="database"><see cref="T:GSF.Data.AdoDataConnection"/> to connection to database.</param>
            <param name="id">ID of the record to be deleted.</param>
            <returns>String, for display use, indicating success.</returns>
        </member>
        <member name="P:GSF.TimeSeries.Transport.UI.DataModels.Subscriber.StatusColor">
            <summary>
            Gets or sets <see cref="T:GSF.TimeSeries.Transport.UI.DataModels.Subscriber"/>'s status color.
            </summary>
        </member>
        <member name="P:GSF.TimeSeries.Transport.UI.DataModels.Subscriber.Version">
            <summary>
            Gets or sets version information for <see cref="T:GSF.TimeSeries.Transport.UI.DataModels.Subscriber"/>.
            </summary>
        </member>
        <member name="P:GSF.TimeSeries.Transport.UI.DataModels.Subscriber.AllowedMeasurements">
            <summary>
            Gets or sets <see cref="T:GSF.TimeSeries.Transport.UI.DataModels.Subscriber"/>'s allowed measurements.
            </summary>
        </member>
        <member name="P:GSF.TimeSeries.Transport.UI.DataModels.Subscriber.DeniedMeasurements">
            <summary>
            Gets or sets <see cref="T:GSF.TimeSeries.Transport.UI.DataModels.Subscriber"/>'s denied measurements.
            </summary>
        </member>
        <member name="P:GSF.TimeSeries.Transport.UI.DataModels.Subscriber.AvailableMeasurements">
            <summary>
            Gets or sets <see cref="T:GSF.TimeSeries.Transport.UI.DataModels.Subscriber"/>'s available measurements.
            </summary>
        </member>
        <member name="P:GSF.TimeSeries.Transport.UI.DataModels.Subscriber.AllowedMeasurementGroups">
            <summary>
            Gets or sets <see cref="T:GSF.TimeSeries.Transport.UI.DataModels.Subscriber"/>'s allowed measurement groups.
            </summary>
        </member>
        <member name="P:GSF.TimeSeries.Transport.UI.DataModels.Subscriber.DeniedMeasurementGroups">
            <summary>
            Gets or sets <see cref="T:GSF.TimeSeries.Transport.UI.DataModels.Subscriber"/>'s denied measurement groups.
            </summary>
        </member>
        <member name="P:GSF.TimeSeries.Transport.UI.DataModels.Subscriber.AvailableMeasurementGroups">
            <summary>
            Gets or sets <see cref="T:GSF.TimeSeries.Transport.UI.DataModels.Subscriber"/>'s available measurement groups.
            </summary>
        </member>
        <member name="P:GSF.TimeSeries.Transport.UI.DataModels.Subscriber.NodeID">
            <summary>
            Gets or sets the current <see cref="T:GSF.TimeSeries.Transport.UI.DataModels.Subscriber"/>'s node ID.
            </summary>
        </member>
        <member name="P:GSF.TimeSeries.Transport.UI.DataModels.Subscriber.ID">
            <summary>
            Gets or sets the current <see cref="T:GSF.TimeSeries.Transport.UI.DataModels.Subscriber"/>'s ID.
            </summary>
        </member>
        <member name="P:GSF.TimeSeries.Transport.UI.DataModels.Subscriber.Acronym">
            <summary>
            Gets or sets the current <see cref="T:GSF.TimeSeries.Transport.UI.DataModels.Subscriber"/>'s acronym.
            </summary>
        </member>
        <member name="P:GSF.TimeSeries.Transport.UI.DataModels.Subscriber.Name">
            <summary>
            Gets or sets the current <see cref="T:GSF.TimeSeries.Transport.UI.DataModels.Subscriber"/> name.
            </summary>
        </member>
        <member name="P:GSF.TimeSeries.Transport.UI.DataModels.Subscriber.SharedSecret">
            <summary>
            Gets or sets the current <see cref="T:GSF.TimeSeries.Transport.UI.DataModels.Subscriber"/>'s shared secret.
            </summary>
        </member>
        <member name="P:GSF.TimeSeries.Transport.UI.DataModels.Subscriber.AuthKey">
            <summary>
            Gets or sets the authorization key for the current <see cref="T:GSF.TimeSeries.Transport.UI.DataModels.Subscriber"/>.
            </summary>
        </member>
        <member name="P:GSF.TimeSeries.Transport.UI.DataModels.Subscriber.ValidIPAddresses">
            <summary>
            Gets or sets the valid IP addresses of the current <see cref="T:GSF.TimeSeries.Transport.UI.DataModels.Subscriber"/>.
            </summary>
        </member>
        <member name="P:GSF.TimeSeries.Transport.UI.DataModels.Subscriber.RemoteCertificateFile">
            <summary>
            Gets or sets the path to the certificate file used to
            validate the identity of the <see cref="T:GSF.TimeSeries.Transport.UI.DataModels.Subscriber"/>.
            </summary>
        </member>
        <member name="P:GSF.TimeSeries.Transport.UI.DataModels.Subscriber.RemoteCertificateIsSelfSigned">
            <summary>
            Gets or sets the flag that indicates whether the remote certificate is self-signed.
            </summary>
        </member>
        <member name="P:GSF.TimeSeries.Transport.UI.DataModels.Subscriber.ValidPolicyErrors">
            <summary>
            Gets or sets the policy errors which can be ignored
            when validating <see cref="T:GSF.TimeSeries.Transport.UI.DataModels.Subscriber"/> identity.
            </summary>
        </member>
        <member name="P:GSF.TimeSeries.Transport.UI.DataModels.Subscriber.ValidChainFlags">
            <summary>
            Gets or sets the chain flags which can be ignored
            when validating <see cref="T:GSF.TimeSeries.Transport.UI.DataModels.Subscriber"/> identity.
            </summary>
        </member>
        <member name="P:GSF.TimeSeries.Transport.UI.DataModels.Subscriber.AccessControlFilter">
            <summary>
            Gets or sets the filter used to determine which signals
            this <see cref="T:GSF.TimeSeries.Transport.UI.DataModels.Subscriber"/> is allowed to subscribe to.
            </summary>
        </member>
        <member name="P:GSF.TimeSeries.Transport.UI.DataModels.Subscriber.Enabled">
            <summary>
            Gets or sets whether the current <see cref="T:GSF.TimeSeries.Transport.UI.DataModels.Subscriber"/> is enabled.
            </summary>
        </member>
        <member name="P:GSF.TimeSeries.Transport.UI.DataModels.Subscriber.CreatedOn">
            <summary>
            Gets or sets when the current <see cref="T:GSF.TimeSeries.Transport.UI.DataModels.Subscriber"/> was created.
            </summary>
        </member>
        <member name="P:GSF.TimeSeries.Transport.UI.DataModels.Subscriber.CreatedBy">
            <summary>
            Gets or sets who the current <see cref="T:GSF.TimeSeries.Transport.UI.DataModels.Subscriber"/> was created by.
            </summary>
        </member>
        <member name="P:GSF.TimeSeries.Transport.UI.DataModels.Subscriber.UpdatedOn">
            <summary>
            Gets or sets when the current <see cref="T:GSF.TimeSeries.Transport.UI.DataModels.Subscriber"/> was updated last.
            </summary>
        </member>
        <member name="P:GSF.TimeSeries.Transport.UI.DataModels.Subscriber.UpdatedBy">
            <summary>
            Gets or sets who the current <see cref="T:GSF.TimeSeries.Transport.UI.DataModels.Subscriber"/> was updated by.
            </summary>
        </member>
    </members>
</doc>
