<?xml version="1.0"?>
<doc>
    <assembly>
        <name>AdoAdapters</name>
    </assembly>
    <members>
        <member name="T:AdoAdapters.AdoInputAdapter">
            <summary>
            Represents an input adapter that reads measurements from a database table.
            </summary>
        </member>
        <member name="M:AdoAdapters.AdoInputAdapter.#ctor">
            <summary>
            Initializes a new instance of the <see cref="T:AdoAdapters.AdoInputAdapter"/> class.
            </summary>
        </member>
        <member name="M:AdoAdapters.AdoInputAdapter.Initialize">
            <summary>
            Initializes this <see cref="T:AdoAdapters.AdoInputAdapter"/>.
            </summary>
        </member>
        <member name="M:AdoAdapters.AdoInputAdapter.AttemptConnection">
            <summary>
            Attempts to connect to this <see cref="T:AdoAdapters.AdoInputAdapter"/>.
            </summary>
        </member>
        <member name="M:AdoAdapters.AdoInputAdapter.AttemptDisconnection">
            <summary>
            Attempts to disconnect from this <see cref="T:AdoAdapters.AdoInputAdapter"/>.
            </summary>
        </member>
        <member name="M:AdoAdapters.AdoInputAdapter.GetShortStatus(System.Int32)">
            <summary>
            Gets a short one-line status of this <see cref="T:AdoAdapters.AdoInputAdapter"/>.
            </summary>
            <param name="maxLength">Maximum length of the status message.</param>
            <returns>Text of the status message.</returns>
        </member>
        <member name="P:AdoAdapters.AdoInputAdapter.TableName">
            <summary>
            Gets or sets the table name in the data source from which measurements are read.
            </summary>
        </member>
        <member name="P:AdoAdapters.AdoInputAdapter.DbConnectionString">
            <summary>
            Gets or sets the connection string used to connect to the data source.
            </summary>
        </member>
        <member name="P:AdoAdapters.AdoInputAdapter.DataProviderString">
            <summary>
            Gets or sets the data provider string used to connect to the data source.
            </summary>
        </member>
        <member name="P:AdoAdapters.AdoInputAdapter.TimestampFormat">
            <summary>
            Gets or sets the format used to read measurements from the data source.
            </summary>
        </member>
        <member name="P:AdoAdapters.AdoInputAdapter.FramesPerSecond">
            <summary>
            Gets or sets the framerate simulated by this adapter.
            </summary>
        </member>
        <member name="P:AdoAdapters.AdoInputAdapter.SimulateTimestamps">
            <summary>
            Gets or sets a value that determines whether the timestamps should
            be simulated for the purposes of real-time concentration.
            </summary>
        </member>
        <member name="P:AdoAdapters.AdoInputAdapter.CacheFileName">
            <summary>
            Gets or sets a cache file name so that when defined, future data loads will be from cache instead of the database as an optimization.
            </summary>
        </member>
        <member name="P:AdoAdapters.AdoInputAdapter.UseAsyncConnect">
            <summary>
            Gets a flag that determines if this <see cref="T:AdoAdapters.AdoInputAdapter"/>
            uses an asynchronous connection.
            </summary>
        </member>
        <member name="P:AdoAdapters.AdoInputAdapter.SupportsTemporalProcessing">
            <summary>
            Gets the flag indicating if this adapter supports temporal processing.
            </summary>
        </member>
        <member name="T:AdoAdapters.AdoOutputAdapter">
            <summary>
            Represents an output adapter that archives measurements to a database.
            </summary>
        </member>
        <member name="M:AdoAdapters.AdoOutputAdapter.#ctor">
            <summary>
            Initializes a new instance of the <see cref="T:AdoAdapters.AdoOutputAdapter"/> class.
            </summary>
        </member>
        <member name="M:AdoAdapters.AdoOutputAdapter.Initialize">
            <summary>
            Initializes this <see cref="T:AdoAdapters.AdoOutputAdapter"/>.
            </summary>
        </member>
        <member name="M:AdoAdapters.AdoOutputAdapter.AttemptConnection">
            <summary>
            Attempts to connect to this <see cref="T:AdoAdapters.AdoOutputAdapter"/>.
            </summary>
        </member>
        <member name="M:AdoAdapters.AdoOutputAdapter.AttemptDisconnection">
            <summary>
            Attempts to disconnect from this <see cref="T:AdoAdapters.AdoOutputAdapter"/>.
            </summary>
        </member>
        <member name="M:AdoAdapters.AdoOutputAdapter.GetShortStatus(System.Int32)">
            <summary>
            Gets a short one-line status of this <see cref="T:AdoAdapters.AdoOutputAdapter"/>.
            </summary>
            <param name="maxLength">Maximum length of the status message.</param>
            <returns>Text of the status message.</returns>
        </member>
        <member name="M:AdoAdapters.AdoOutputAdapter.ProcessMeasurements(GSF.TimeSeries.IMeasurement[])">
            <summary>
            Archives <paramref name="measurements"/> locally.
            </summary>
            <param name="measurements">Measurements to be archived.</param>
        </member>
        <member name="M:AdoAdapters.AdoOutputAdapter.Dispose(System.Boolean)">
            <summary>
            Releases the unmanaged resources used by the <see cref="T:AdoAdapters.AdoOutputAdapter"/> object and optionally releases the managed resources.
            </summary>
            <param name="disposing">true to release both managed and unmanaged resources; false to release only unmanaged resources.</param>
        </member>
        <member name="P:AdoAdapters.AdoOutputAdapter.TableName">
            <summary>
            Gets or sets the table name in the data source used to archive data.
            </summary>
        </member>
        <member name="P:AdoAdapters.AdoOutputAdapter.DbConnectionString">
            <summary>
            Gets or sets the connection string used to connect to the data source.
            </summary>
        </member>
        <member name="P:AdoAdapters.AdoOutputAdapter.DataProviderString">
            <summary>
            Gets or sets the data provider string used to connect to the data source.
            </summary>
        </member>
        <member name="P:AdoAdapters.AdoOutputAdapter.TimestampFormat">
            <summary>
            Gets or sets the format used to output measurement timestamps to the data source.
            </summary>
        </member>
        <member name="P:AdoAdapters.AdoOutputAdapter.BulkInsertLimit">
            <summary>
            Gets or sets the maximum number of measurements to be collated into one insert statement.
            </summary>
        </member>
        <member name="P:AdoAdapters.AdoOutputAdapter.OutputIsForArchive">
            <summary>
            Returns a flag that determines if measurements sent to this
            <see cref="T:AdoAdapters.AdoOutputAdapter"/> are destined for archival.
            </summary>
        </member>
        <member name="P:AdoAdapters.AdoOutputAdapter.UseAsyncConnect">
            <summary>
            Gets a flag that determines if this <see cref="T:AdoAdapters.AdoOutputAdapter"/>
            uses an asynchronous connection.
            </summary>
        </member>
    </members>
</doc>
