{
  "type": "panel",
  "name": "openHistorian Data Availability Chart",
  "id": "openhistorian-dataavailability-chart",

  "info": {
    "description": "Plugin Template for grafana",
    "author": {
      "name": "Grid Protection Alliance",
      "url": "http://www.gridprotectionalliance.org"
    },
    "keywords": [ "template", "panel" ],
    "logos": {
      "small": "",
      "large": ""
    },
    "links": [
      {
        "name": "Project site",
        "url": "https://github.com/grafana/piechart-panel"
      }
    ],
    "screenshots": [
    ],
    "version": "1.0.0",
    "updated": "2017-10-23"
  },

  "dependencies": {
    "grafanaVersion": "4.6",
    "plugins": []
  }
}
